tool,precursors,FDP_lb,FDP_comb,protein groups,FDP_lb_pg,FDP_comb_pg
alphadia,99925,9.437777132733443,90.52159153988254,21270,15.213916314057357,85.77321839929833
diann-1.8.1,40287,0.26318403019167746,2.5243059828359273,5421,0.42427596384430916,2.391988634429761
delpi,38921,0.1516280743234561,1.4543270535899508,6213,0.386286817962337,2.177812925869668
