tool,precursors,FDP_lb,FDP_comb,protein groups,FDP_lb_pg,FDP_comb_pg
msgf,36317,0.09915170210421946,0.9510046435863175,4272,0.0702247191011236,0.39591384914642574
sage,30746,0.1268746543478968,1.2169068495811948,5201,0.17304364545279755,0.9755877505596215
delpi,62621,0.10542625752759452,1.0111864782642264,8469,0.27157869878379975,1.5311099760590077
